Id,Gender,Name,image_link,voice_preview_link
0,F,Mary,https://vaux-contents.s3.us-east-2.amazonaws.com/profile_images/avatar_0.png, https://vaux-contents.s3.us-east-2.amazonaws.com/voice_preview/output_audio0.wav
1,F,Jennifer,https://vaux-contents.s3.us-east-2.amazonaws.com/profile_images/avatar_1.png, https://vaux-contents.s3.us-east-2.amazonaws.com/voice_preview/output_audio1.wav
2,M,John,https://vaux-contents.s3.us-east-2.amazonaws.com/profile_images/avatar_2.png, https://vaux-contents.s3.us-east-2.amazonaws.com/voice_preview/output_audio2.wav
3,F,Linda,https://vaux-contents.s3.us-east-2.amazonaws.com/profile_images/avatar_3.png, https://vaux-contents.s3.us-east-2.amazonaws.com/voice_preview/output_audio3.wav
4,M,Michael,https://vaux-contents.s3.us-east-2.amazonaws.com/profile_images/avatar_4.png, https://vaux-contents.s3.us-east-2.amazonaws.com/voice_preview/output_audio4.wav
5,M,David,https://vaux-contents.s3.us-east-2.amazonaws.com/profile_images/avatar_5.png, https://vaux-contents.s3.us-east-2.amazonaws.com/voice_preview/output_audio5.wav
6,M,James,https://vaux-contents.s3.us-east-2.amazonaws.com/profile_images/avatar_6.png, https://vaux-contents.s3.us-east-2.amazonaws.com/voice_preview/output_audio6.wav
7,M,Robert,https://vaux-contents.s3.us-east-2.amazonaws.com/profile_images/avatar_7.png, https://vaux-contents.s3.us-east-2.amazonaws.com/voice_preview/output_audio7.wav
8,M,William,https://vaux-contents.s3.us-east-2.amazonaws.com/profile_images/avatar_8.png, https://vaux-contents.s3.us-east-2.amazonaws.com/voice_preview/output_audio8.wav
9,M,Joseph,https://vaux-contents.s3.us-east-2.amazonaws.com/profile_images/avatar_9.png, https://vaux-contents.s3.us-east-2.amazonaws.com/voice_preview/output_audio9.wav
10,M,Charles,https://vaux-contents.s3.us-east-2.amazonaws.com/profile_images/avatar_10.png, https://vaux-contents.s3.us-east-2.amazonaws.com/voice_preview/output_audio10.wav
11,M,Thomas,https://vaux-contents.s3.us-east-2.amazonaws.com/profile_images/avatar_11.png, https://vaux-contents.s3.us-east-2.amazonaws.com/voice_preview/output_audio11.wav
12,F,Patricia,https://vaux-contents.s3.us-east-2.amazonaws.com/profile_images/avatar_12.png, https://vaux-contents.s3.us-east-2.amazonaws.com/voice_preview/output_audio12.wav
13,M,Daniel,https://vaux-contents.s3.us-east-2.amazonaws.com/profile_images/avatar_13.png, https://vaux-contents.s3.us-east-2.amazonaws.com/voice_preview/output_audio13.wav
14,M,Matthew,https://vaux-contents.s3.us-east-2.amazonaws.com/profile_images/avatar_14.png, https://vaux-contents.s3.us-east-2.amazonaws.com/voice_preview/output_audio14.wav
15,F,Elizabeth,https://vaux-contents.s3.us-east-2.amazonaws.com/profile_images/avatar_15.png, https://vaux-contents.s3.us-east-2.amazonaws.com/voice_preview/output_audio15.wav
16,M,Christopher,https://vaux-contents.s3.us-east-2.amazonaws.com/profile_images/avatar_16.png, https://vaux-contents.s3.us-east-2.amazonaws.com/voice_preview/output_audio16.wav
17,F,Susan,https://vaux-contents.s3.us-east-2.amazonaws.com/profile_images/avatar_17.png, https://vaux-contents.s3.us-east-2.amazonaws.com/voice_preview/output_audio17.wav
18,F,Jessica,https://vaux-contents.s3.us-east-2.amazonaws.com/profile_images/avatar_18.png, https://vaux-contents.s3.us-east-2.amazonaws.com/voice_preview/output_audio18.wav
19,F,Sarah,https://vaux-contents.s3.us-east-2.amazonaws.com/profile_images/avatar_19.png, https://vaux-contents.s3.us-east-2.amazonaws.com/voice_preview/output_audio19.wav
20,F,Karen,https://vaux-contents.s3.us-east-2.amazonaws.com/profile_images/avatar_20.png, https://vaux-contents.s3.us-east-2.amazonaws.com/voice_preview/output_audio20.wav
21,F,Nancy,https://vaux-contents.s3.us-east-2.amazonaws.com/profile_images/avatar_21.png, https://vaux-contents.s3.us-east-2.amazonaws.com/voice_preview/output_audio21.wav
22,F,Lisa,https://vaux-contents.s3.us-east-2.amazonaws.com/profile_images/avatar_22.png, https://vaux-contents.s3.us-east-2.amazonaws.com/voice_preview/output_audio22.wav
23,F,Betty,https://vaux-contents.s3.us-east-2.amazonaws.com/profile_images/avatar_23.png, https://vaux-contents.s3.us-east-2.amazonaws.com/voice_preview/output_audio23.wav
24,F,Dorothy,https://vaux-contents.s3.us-east-2.amazonaws.com/profile_images/avatar_24.png, https://vaux-contents.s3.us-east-2.amazonaws.com/voice_preview/output_audio24.wav
25,M,Andrew,https://vaux-contents.s3.us-east-2.amazonaws.com/profile_images/avatar_25.png, https://vaux-contents.s3.us-east-2.amazonaws.com/voice_preview/output_audio25.wav
26,M,Joseph,https://vaux-contents.s3.us-east-2.amazonaws.com/profile_images/avatar_26.png, https://vaux-contents.s3.us-east-2.amazonaws.com/voice_preview/output_audio26.wav
27,M,Brian,https://vaux-contents.s3.us-east-2.amazonaws.com/profile_images/avatar_27.png, https://vaux-contents.s3.us-east-2.amazonaws.com/voice_preview/output_audio27.wav
28,M,Kevin,https://vaux-contents.s3.us-east-2.amazonaws.com/profile_images/avatar_28.png, https://vaux-contents.s3.us-east-2.amazonaws.com/voice_preview/output_audio28.wav
29,M,Edward,https://vaux-contents.s3.us-east-2.amazonaws.com/profile_images/avatar_29.png, https://vaux-contents.s3.us-east-2.amazonaws.com/voice_preview/output_audio29.wav
30,M,Paul,https://vaux-contents.s3.us-east-2.amazonaws.com/profile_images/avatar_30.png, https://vaux-contents.s3.us-east-2.amazonaws.com/voice_preview/output_audio30.wav
31,M,Mark,https://vaux-contents.s3.us-east-2.amazonaws.com/profile_images/avatar_31.png, https://vaux-contents.s3.us-east-2.amazonaws.com/voice_preview/output_audio31.wav
32,M,George,https://vaux-contents.s3.us-east-2.amazonaws.com/profile_images/avatar_32.png, https://vaux-contents.s3.us-east-2.amazonaws.com/voice_preview/output_audio32.wav
33,F,Sandra,https://vaux-contents.s3.us-east-2.amazonaws.com/profile_images/avatar_33.png, https://vaux-contents.s3.us-east-2.amazonaws.com/voice_preview/output_audio33.wav
34,F,Ashley,https://vaux-contents.s3.us-east-2.amazonaws.com/profile_images/avatar_34.png, https://vaux-contents.s3.us-east-2.amazonaws.com/voice_preview/output_audio34.wav
35,F,Kimberly,https://vaux-contents.s3.us-east-2.amazonaws.com/profile_images/avatar_35.png, https://vaux-contents.s3.us-east-2.amazonaws.com/voice_preview/output_audio35.wav
36,M,Steven,https://vaux-contents.s3.us-east-2.amazonaws.com/profile_images/avatar_36.png, https://vaux-contents.s3.us-east-2.amazonaws.com/voice_preview/output_audio36.wav
37,F,Donna,https://vaux-contents.s3.us-east-2.amazonaws.com/profile_images/avatar_37.png, https://vaux-contents.s3.us-east-2.amazonaws.com/voice_preview/output_audio37.wav
38,M,Kenneth,https://vaux-contents.s3.us-east-2.amazonaws.com/profile_images/avatar_38.png, https://vaux-contents.s3.us-east-2.amazonaws.com/voice_preview/output_audio38.wav
39,M,Anthony,https://vaux-contents.s3.us-east-2.amazonaws.com/profile_images/avatar_39.png, https://vaux-contents.s3.us-east-2.amazonaws.com/voice_preview/output_audio39.wav
40,M,Donald,https://vaux-contents.s3.us-east-2.amazonaws.com/profile_images/avatar_40.png, https://vaux-contents.s3.us-east-2.amazonaws.com/voice_preview/output_audio40.wav
41,M,Jason,https://vaux-contents.s3.us-east-2.amazonaws.com/profile_images/avatar_41.png, https://vaux-contents.s3.us-east-2.amazonaws.com/voice_preview/output_audio41.wav
42,F,Emily,https://vaux-contents.s3.us-east-2.amazonaws.com/profile_images/avatar_42.png, https://vaux-contents.s3.us-east-2.amazonaws.com/voice_preview/output_audio42.wav
43,M,Jeffrey,https://vaux-contents.s3.us-east-2.amazonaws.com/profile_images/avatar_43.png, https://vaux-contents.s3.us-east-2.amazonaws.com/voice_preview/output_audio43.wav
44,F,Michelle,https://vaux-contents.s3.us-east-2.amazonaws.com/profile_images/avatar_44.png, https://vaux-contents.s3.us-east-2.amazonaws.com/voice_preview/output_audio44.wav
45,F,Carol,https://vaux-contents.s3.us-east-2.amazonaws.com/profile_images/avatar_45.png, https://vaux-contents.s3.us-east-2.amazonaws.com/voice_preview/output_audio45.wav
46,M,Ryan,https://vaux-contents.s3.us-east-2.amazonaws.com/profile_images/avatar_46.png, https://vaux-contents.s3.us-east-2.amazonaws.com/voice_preview/output_audio46.wav
47,F,Amanda,https://vaux-contents.s3.us-east-2.amazonaws.com/profile_images/avatar_47.png, https://vaux-contents.s3.us-east-2.amazonaws.com/voice_preview/output_audio47.wav
48,F,Melissa,https://vaux-contents.s3.us-east-2.amazonaws.com/profile_images/avatar_48.png, https://vaux-contents.s3.us-east-2.amazonaws.com/voice_preview/output_audio48.wav
49,F,Deborah,https://vaux-contents.s3.us-east-2.amazonaws.com/profile_images/avatar_49.png, https://vaux-contents.s3.us-east-2.amazonaws.com/voice_preview/output_audio49.wav
50,F,Stephanie,https://vaux-contents.s3.us-east-2.amazonaws.com/profile_images/avatar_50.png, https://vaux-contents.s3.us-east-2.amazonaws.com/voice_preview/output_audio50.wav
51,F,Rebecca,https://vaux-contents.s3.us-east-2.amazonaws.com/profile_images/avatar_51.png, https://vaux-contents.s3.us-east-2.amazonaws.com/voice_preview/output_audio51.wav
52,F,Laura,https://vaux-contents.s3.us-east-2.amazonaws.com/profile_images/avatar_52.png, https://vaux-contents.s3.us-east-2.amazonaws.com/voice_preview/output_audio52.wav
53,M,Gary,https://vaux-contents.s3.us-east-2.amazonaws.com/profile_images/avatar_53.png, https://vaux-contents.s3.us-east-2.amazonaws.com/voice_preview/output_audio53.wav
54,F,Sharon,https://vaux-contents.s3.us-east-2.amazonaws.com/profile_images/avatar_54.png, https://vaux-contents.s3.us-east-2.amazonaws.com/voice_preview/output_audio54.wav
55,M,Timothy,https://vaux-contents.s3.us-east-2.amazonaws.com/profile_images/avatar_55.png, https://vaux-contents.s3.us-east-2.amazonaws.com/voice_preview/output_audio55.wav
56,M,Larry,https://vaux-contents.s3.us-east-2.amazonaws.com/profile_images/avatar_56.png, https://vaux-contents.s3.us-east-2.amazonaws.com/voice_preview/output_audio56.wav
57,F,Cynthia,https://vaux-contents.s3.us-east-2.amazonaws.com/profile_images/avatar_57.png, https://vaux-contents.s3.us-east-2.amazonaws.com/voice_preview/output_audio57.wav
58,F,Kathleen,https://vaux-contents.s3.us-east-2.amazonaws.com/profile_images/avatar_58.png, https://vaux-contents.s3.us-east-2.amazonaws.com/voice_preview/output_audio58.wav
59,M,Ronald,https://vaux-contents.s3.us-east-2.amazonaws.com/profile_images/avatar_59.png, https://vaux-contents.s3.us-east-2.amazonaws.com/voice_preview/output_audio59.wav
60,M,Scott,https://vaux-contents.s3.us-east-2.amazonaws.com/profile_images/avatar_60.png, https://vaux-contents.s3.us-east-2.amazonaws.com/voice_preview/output_audio60.wav
61,M,Eric,https://vaux-contents.s3.us-east-2.amazonaws.com/profile_images/avatar_61.png, https://vaux-contents.s3.us-east-2.amazonaws.com/voice_preview/output_audio61.wav
62,F,Helen,https://vaux-contents.s3.us-east-2.amazonaws.com/profile_images/avatar_62.png, https://vaux-contents.s3.us-east-2.amazonaws.com/voice_preview/output_audio62.wav
63,M,Brian,https://vaux-contents.s3.us-east-2.amazonaws.com/profile_images/avatar_63.png, https://vaux-contents.s3.us-east-2.amazonaws.com/voice_preview/output_audio63.wav
64,F,Amy,https://vaux-contents.s3.us-east-2.amazonaws.com/profile_images/avatar_64.png, https://vaux-contents.s3.us-east-2.amazonaws.com/voice_preview/output_audio64.wav
65,F,Shirley,https://vaux-contents.s3.us-east-2.amazonaws.com/profile_images/avatar_65.png, https://vaux-contents.s3.us-east-2.amazonaws.com/voice_preview/output_audio65.wav
66,F,Angela,https://vaux-contents.s3.us-east-2.amazonaws.com/profile_images/avatar_66.png, https://vaux-contents.s3.us-east-2.amazonaws.com/voice_preview/output_audio66.wav
67,F,Anna,https://vaux-contents.s3.us-east-2.amazonaws.com/profile_images/avatar_67.png, https://vaux-contents.s3.us-east-2.amazonaws.com/voice_preview/output_audio67.wav
68,M,Steve,https://vaux-contents.s3.us-east-2.amazonaws.com/profile_images/avatar_68.png, https://vaux-contents.s3.us-east-2.amazonaws.com/voice_preview/output_audio68.wav
69,M,Larry,https://vaux-contents.s3.us-east-2.amazonaws.com/profile_images/avatar_69.png, https://vaux-contents.s3.us-east-2.amazonaws.com/voice_preview/output_audio69.wav
70,F,Brenda,https://vaux-contents.s3.us-east-2.amazonaws.com/profile_images/avatar_70.png, https://vaux-contents.s3.us-east-2.amazonaws.com/voice_preview/output_audio70.wav
71,M,Frank,https://vaux-contents.s3.us-east-2.amazonaws.com/profile_images/avatar_71.png, https://vaux-contents.s3.us-east-2.amazonaws.com/voice_preview/output_audio71.wav
72,M,Robert,https://vaux-contents.s3.us-east-2.amazonaws.com/profile_images/avatar_72.png, https://vaux-contents.s3.us-east-2.amazonaws.com/voice_preview/output_audio72.wav
73,F,Pamela,https://vaux-contents.s3.us-east-2.amazonaws.com/profile_images/avatar_73.png, https://vaux-contents.s3.us-east-2.amazonaws.com/voice_preview/output_audio73.wav
74,F,Nicole,https://vaux-contents.s3.us-east-2.amazonaws.com/profile_images/avatar_74.png, https://vaux-contents.s3.us-east-2.amazonaws.com/voice_preview/output_audio74.wav
75,F,Ruth,https://vaux-contents.s3.us-east-2.amazonaws.com/profile_images/avatar_75.png, https://vaux-contents.s3.us-east-2.amazonaws.com/voice_preview/output_audio75.wav
76,F,Katherine,https://vaux-contents.s3.us-east-2.amazonaws.com/profile_images/avatar_76.png, https://vaux-contents.s3.us-east-2.amazonaws.com/voice_preview/output_audio76.wav
77,M,Jack,https://vaux-contents.s3.us-east-2.amazonaws.com/profile_images/avatar_77.png, https://vaux-contents.s3.us-east-2.amazonaws.com/voice_preview/output_audio77.wav
78,F,Christine,https://vaux-contents.s3.us-east-2.amazonaws.com/profile_images/avatar_78.png, https://vaux-contents.s3.us-east-2.amazonaws.com/voice_preview/output_audio78.wav
79,F,Samantha,https://vaux-contents.s3.us-east-2.amazonaws.com/profile_images/avatar_79.png, https://vaux-contents.s3.us-east-2.amazonaws.com/voice_preview/output_audio79.wav
80,F,Catherine,https://vaux-contents.s3.us-east-2.amazonaws.com/profile_images/avatar_80.png, https://vaux-contents.s3.us-east-2.amazonaws.com/voice_preview/output_audio80.wav
81,M,Matthew,https://vaux-contents.s3.us-east-2.amazonaws.com/profile_images/avatar_81.png, https://vaux-contents.s3.us-east-2.amazonaws.com/voice_preview/output_audio81.wav
82,M,David,https://vaux-contents.s3.us-east-2.amazonaws.com/profile_images/avatar_82.png, https://vaux-contents.s3.us-east-2.amazonaws.com/voice_preview/output_audio82.wav
83,F,Virginia,https://vaux-contents.s3.us-east-2.amazonaws.com/profile_images/avatar_83.png, https://vaux-contents.s3.us-east-2.amazonaws.com/voice_preview/output_audio83.wav
84,F,Debra,https://vaux-contents.s3.us-east-2.amazonaws.com/profile_images/avatar_84.png, https://vaux-contents.s3.us-east-2.amazonaws.com/voice_preview/output_audio84.wav
85,M,Christopher,https://vaux-contents.s3.us-east-2.amazonaws.com/profile_images/avatar_85.png, https://vaux-contents.s3.us-east-2.amazonaws.com/voice_preview/output_audio85.wav
86,M,Thomas,https://vaux-contents.s3.us-east-2.amazonaws.com/profile_images/avatar_86.png, https://vaux-contents.s3.us-east-2.amazonaws.com/voice_preview/output_audio86.wav
87,F,Rachel,https://vaux-contents.s3.us-east-2.amazonaws.com/profile_images/avatar_87.png, https://vaux-contents.s3.us-east-2.amazonaws.com/voice_preview/output_audio87.wav
88,M,Scott,https://vaux-contents.s3.us-east-2.amazonaws.com/profile_images/avatar_88.png, https://vaux-contents.s3.us-east-2.amazonaws.com/voice_preview/output_audio88.wav
89,F,Janet,https://vaux-contents.s3.us-east-2.amazonaws.com/profile_images/avatar_89.png, https://vaux-contents.s3.us-east-2.amazonaws.com/voice_preview/output_audio89.wav
90,M,Paul,https://vaux-contents.s3.us-east-2.amazonaws.com/profile_images/avatar_90.png, https://vaux-contents.s3.us-east-2.amazonaws.com/voice_preview/output_audio90.wav
91,F,Maria,https://vaux-contents.s3.us-east-2.amazonaws.com/profile_images/avatar_91.png, https://vaux-contents.s3.us-east-2.amazonaws.com/voice_preview/output_audio91.wav
92,F,Heather,https://vaux-contents.s3.us-east-2.amazonaws.com/profile_images/avatar_92.png, https://vaux-contents.s3.us-east-2.amazonaws.com/voice_preview/output_audio92.wav
93,F,Diane,https://vaux-contents.s3.us-east-2.amazonaws.com/profile_images/avatar_93.png, https://vaux-contents.s3.us-east-2.amazonaws.com/voice_preview/output_audio93.wav
94,F,Frances,https://vaux-contents.s3.us-east-2.amazonaws.com/profile_images/avatar_94.png, https://vaux-contents.s3.us-east-2.amazonaws.com/voice_preview/output_audio94.wav
95,F,Joyce,https://vaux-contents.s3.us-east-2.amazonaws.com/profile_images/avatar_95.png, https://vaux-contents.s3.us-east-2.amazonaws.com/voice_preview/output_audio95.wav
96,M,Kenneth,https://vaux-contents.s3.us-east-2.amazonaws.com/profile_images/avatar_96.png, https://vaux-contents.s3.us-east-2.amazonaws.com/voice_preview/output_audio96.wav
97,F,Julie,https://vaux-contents.s3.us-east-2.amazonaws.com/profile_images/avatar_97.png, https://vaux-contents.s3.us-east-2.amazonaws.com/voice_preview/output_audio97.wav
98,F,Alice,https://vaux-contents.s3.us-east-2.amazonaws.com/profile_images/avatar_98.png, https://vaux-contents.s3.us-east-2.amazonaws.com/voice_preview/output_audio98.wav
99,F,Teresa,https://vaux-contents.s3.us-east-2.amazonaws.com/profile_images/avatar_99.png, https://vaux-contents.s3.us-east-2.amazonaws.com/voice_preview/output_audio99.wav
100,F,Gloria,https://vaux-contents.s3.us-east-2.amazonaws.com/profile_images/avatar_100.png, https://vaux-contents.s3.us-east-2.amazonaws.com/voice_preview/output_audio100.wav
101,F,Emma,https://vaux-contents.s3.us-east-2.amazonaws.com/profile_images/avatar_101.png, https://vaux-contents.s3.us-east-2.amazonaws.com/voice_preview/output_audio101.wav
102,F,Evelyn,https://vaux-contents.s3.us-east-2.amazonaws.com/profile_images/avatar_102.png, https://vaux-contents.s3.us-east-2.amazonaws.com/voice_preview/output_audio102.wav
103,F,Rose,https://vaux-contents.s3.us-east-2.amazonaws.com/profile_images/avatar_103.png, https://vaux-contents.s3.us-east-2.amazonaws.com/voice_preview/output_audio103.wav
104,F,Judith,https://vaux-contents.s3.us-east-2.amazonaws.com/profile_images/avatar_104.png, https://vaux-contents.s3.us-east-2.amazonaws.com/voice_preview/output_audio104.wav
105,F,Martha,https://vaux-contents.s3.us-east-2.amazonaws.com/profile_images/avatar_105.png, https://vaux-contents.s3.us-east-2.amazonaws.com/voice_preview/output_audio105.wav
106,F,Lindsay,https://vaux-contents.s3.us-east-2.amazonaws.com/profile_images/avatar_106.png, https://vaux-contents.s3.us-east-2.amazonaws.com/voice_preview/output_audio106.wav
107,F,Joanna,https://vaux-contents.s3.us-east-2.amazonaws.com/profile_images/avatar_107.png, https://vaux-contents.s3.us-east-2.amazonaws.com/voice_preview/output_audio107.wav
108,M,Richard,https://vaux-contents.s3.us-east-2.amazonaws.com/profile_images/avatar_109.png, https://vaux-contents.s3.us-east-2.amazonaws.com/voice_preview/output_audio108.wav
109,F,Stella,https://vaux-contents.s3.us-east-2.amazonaws.com/profile_images/avatar_109.png, https://vaux-contents.s3.us-east-2.amazonaws.com/voice_preview/output_audio109.wav